COMPANNY NAME,LINKEDIN PROFILE,
"Jovian Technologies, Inc.",https://www.linkedin.com/company/jovian-ai/people/,
We Think North,https://www.linkedin.com/company/wethinknorth/people/,
XRIG Private Limited,https://www.linkedin.com/company/xrigpc/people/,
woodBOX.in,https://www.linkedin.com/company/woodbox-in/people/,
Gritx Data Solutions Private Limited,https://www.linkedin.com/company/gritx-data-solutions-private-limited/people/?originalSubdomain=in,
InfoComm India,https://www.linkedin.com/company/infocommindia/people/,
SeenIt,https://www.linkedin.com/company/seenit-in/people/?originalSubdomain=in,
Savor Brands ~ Custom Coffee Packaging & Print House,https://www.linkedin.com/company/savor-brands-inc/people/,
Ripple,https://www.linkedin.com/company/rippleofficial/people/,
Aditek Systems Pvt Ltd,https://www.linkedin.com/company/aditek-systems-pvt-ltd/people/,
Crew For You Handyman Service Pvt Ltd Co,https://www.linkedin.com/company/crewforyouindia/people/,
Vyapaar Network,https://www.linkedin.com/company/vyapaar-network/people/,
Genovation Solutions,https://www.linkedin.com/company/genovation-solutions/people/,
LIBERTY Steel Group,https://www.linkedin.com/company/liberty-steel-group/people/,
"Choice Technologies, Inc.",https://www.linkedin.com/company/choicetechnologies/people/,
"PC Good Guys, LLC.",https://www.linkedin.com/company/pcgoodguys/people/,
MED STOCKS,https://www.linkedin.com/company/med-stocks/people/,
Point Services,https://www.linkedin.com/company/point-services/people/,
Infonet Solutions,https://www.linkedin.com/company/infonet-solutions-pvt-ltd/people/,
BI-Technologies,https://www.linkedin.com/company/bi-technologiesnet/people/,
E-solve Solutions Private Limited,https://www.linkedin.com/company/e-solve-solutions-private-limited/people/,
Sign In Solutions,https://www.linkedin.com/company/signinsolutions/people/,
QualityKiosk Technologies Pvt. Ltd.,https://www.linkedin.com/company/quality-kiosk-technologies/people/,
Global Infotech Corporation,https://www.linkedin.com/company/global-infotech/people/,
GfK - An NIQ Company,https://www.linkedin.com/company/gfk/people/,
Goodpoint,https://www.linkedin.com/company/icarus-lived-inc/people/,
Softz Solutions & Co Pvt Ltd,https://www.linkedin.com/company/softz-solutions-pvt-ltd./people/,
Notional Systems,https://www.linkedin.com/company/notionalsystems/people/,
Adysoft,https://www.linkedin.com/company/adysoft/people/,
SGN SOFTWARE PRIVATE LIMITED,https://www.linkedin.com/company/sgn-software-privet-limited/people/,
Ebiosketch Technologies Pvt. Ltd.,https://www.linkedin.com/company/ebiosketch/people/,
Prudential India Pvt. Ltd.,https://www.linkedin.com/company/prudential-india-pvt.-ltd./people/,
Insora Media Pvt Ltd,https://www.linkedin.com/company/insoramedia/people/,
Suma Soft Pvt Ltd,https://www.linkedin.com/company/suma-soft-pvt-ltd/people/,
Spica Solutions Inc,https://www.linkedin.com/company/spica-solutions-inc/people/,
Userlytics,https://www.linkedin.com/company/userlytics-corporation/people/,
Sisnet,https://www.linkedin.com/company/sisnetglobal/people/,
Cloud Data Solutions,https://www.linkedin.com/company/cloud-data-solutions/people/,
Xelero Technologies Pvt Ltd,https://www.linkedin.com/company/xelero-technologies-pvt-ltd/people/,
JK Media Private Limited,https://www.linkedin.com/company/jk-media-private-limited/people/,
Techwave,https://www.linkedin.com/company/techwave-consulting-inc/people/,
RMV-IT Services Pvt. Ltd,https://www.linkedin.com/company/rmvitservicespvt-ltd/people/?originalSubdomain=in,
"InfoSystems, Inc.",https://www.linkedin.com/company/infosystems-inc-/people/,
Supremacy,https://www.linkedin.com/company/supremacy/people/,
Crypto.com,https://www.linkedin.com/company/cryptocom/people/,
AROBIT,https://www.linkedin.com/company/arobit/people/,
Prime Technology Group,https://www.linkedin.com/company/prime-technology-group/people/?originalSubdomain=in,
Software Solutions Inc.,https://www.linkedin.com/company/www-mysoftwaresolutions-com/people/,
InfoCare Group,https://www.linkedin.com/company/infocaregroup/people/?originalSubdomain=no,
Design Madari,https://www.linkedin.com/company/designmadari/people/,
Event Igloo,https://www.linkedin.com/company/event-igloo/people/,
WebArt Technology Pvt. Ltd.,https://www.linkedin.com/company/webart-technology-pvt-ltd/people/?originalSubdomain=in,
Exnovation,https://www.linkedin.com/company/exnovation/people/,
RANext Technologies Pvt Ltd ( A Space World Group Enterprise),https://www.linkedin.com/company/ranext/people/,
"Medline Industries, LP",https://www.linkedin.com/company/medline-industries/people/,
1 on 1 Technologies,https://www.linkedin.com/company/1-on-1-technologies/people/,
iTech Solutions,https://www.linkedin.com/company/itech-solutions/people/,
Premiere Digital Services,https://www.linkedin.com/company/premieredigital/people/,
Ballad Ventures,https://www.linkedin.com/company/ballad-ventures/people/,
Grow Solutions,https://www.linkedin.com/company/grow-solutions-company/people/,
WebX Digital,https://www.linkedin.com/company/webx-digital-media/people/,
Brickview Studios,https://www.linkedin.com/company/brickviewstudios/people/,
Omni Manual Private Limited,https://www.linkedin.com/company/omni-manual-private-limited/people/?originalSubdomain=in,
Radhe Infotech,https://www.linkedin.com/company/radheinfotech/people/,
DigiChal,https://www.linkedin.com/company/digichal/people/,
Papiriko - Integrated Marketing Agency,https://www.linkedin.com/company/wearepapiriko/people/,
COGNISOFT TECHNOLOGIES PVT. LTD.,https://www.linkedin.com/company/cognisoft-technologies-pvt-ltd/people/,
Sahana System Limited,https://www.linkedin.com/company/sahanasystemltd/people/,
Ensonic Computech Pvt Ltd.,https://www.linkedin.com/company/ensonic-computech-pvt-ltd/people/,
RIVIGO,https://www.linkedin.com/company/rivigo/people/,
KheloFantasyï¿½,https://www.linkedin.com/company/khelofantasy/people/,
"POONGIN TRADING CO., LTD.",https://www.linkedin.com/company/poongin-trading-co.-ltd./people/,
I- Mart inc,https://www.linkedin.com/company/i-mart/people/,
Orient Enterprise (Gujarat) Pvt. Ltd.,https://www.linkedin.com/company/orient-enterprise-gujarat-pvt-ltd/people/,
Win11,https://www.linkedin.com/company/win11official/people/,
Firdekho,https://www.linkedin.com/company/firdekho/people/?originalSubdomain=in,
Phobos Group,https://www.linkedin.com/company/phobosgroup/people/,
Aesthetic Living Merchants Pvt Ltd,https://www.linkedin.com/company/abia-aesthetic/people/?originalSubdomain=in,
WL DIGITAL MARKETING PVT LTD,https://www.linkedin.com/company/we-love-digital-marketing/people/,
Solid Data Systems,https://www.linkedin.com/company/solid-data-systems/people/,
Innovacio Technologies,https://www.linkedin.com/company/innovacio-technology/people/?originalSubdomain=in,
Celero Systems,https://www.linkedin.com/company/celero-systems/people/,
RINGO SOFTWARE SRL,https://www.linkedin.com/company/ringo-software-ltd/people/,
Resto-G,https://www.linkedin.com/company/resto-g/people/,
Silver Lake,https://www.linkedin.com/company/silver-lake/people/,
Shade Capital Pvt Ltd,https://www.linkedin.com/company/shade-capital-pvt-ltd/people/?originalSubdomain=in,
Phiz,https://www.linkedin.com/company/phiz-technologies/people/,
Technofection Software Pvt. Ltd.,https://www.linkedin.com/company/technofection-software-pvt--ltd-/people/,
Deskfrog Communications Pvt. Ltd.,https://www.linkedin.com/company/deskfrog-communications-pvt-ltd/people/,
Hi-Tech Enterprises,https://www.linkedin.com/company/hi-tech-enterprises/people/,
Trinity sales,https://www.linkedin.com/company/trinitysales/people/,
Legal Outsourcing 2.0,https://www.linkedin.com/company/legal-outsourcing-2-0/people/,
Gnoin "IT Services and IT Consulting",https://www.linkedin.com/company/gnoin-private-limited/people/,
Alekos Technologies India Pvt Ltd,https://www.linkedin.com/company/alekos-digital/people/,
ARK Infosolutions Pvt. Ltd.,https://www.linkedin.com/company/arkinfosolutionspvtltd/people/,
MinionLabs,https://www.linkedin.com/company/minionlabss/people/,
BB Trexim Pvt Ltd,https://www.linkedin.com/company/bbtreximpvtltd/people/,
On-Hold Technologies,https://www.linkedin.com/company/on-hold-technologies/people/,
BEEU TECH,https://www.linkedin.com/company/beeu-tech/people/,
Apptale Technologies,https://www.linkedin.com/company/apptaletechnologies/people/,
JBG HEXA TMT BARS,https://www.linkedin.com/company/jbghexatmt/people/,
Synergic Softek Solutions Pvt. Ltd.,https://www.linkedin.com/company/synergicsoftek/people/,
The Funded Trader,https://www.linkedin.com/company/thefundedtrader/people/,
Transcon Developers,https://www.linkedin.com/company/transcon-developers/people/,
iStaff Global Solutions,https://www.linkedin.com/company/istaff-global-solutions/people/,
J S Informatics,https://www.linkedin.com/company/j-s-informatics/people/,
Adosys Consultancy Pvt. Ltd.,https://www.linkedin.com/company/adosys-consultancy-pvt-ltd/people/,
StarMax Corporation,https://www.linkedin.com/company/computer-911-inc/people/,
Infosys,https://www.linkedin.com/company/infosys/people/,
MuCrest Technologies Pvt Ltd,https://www.linkedin.com/company/mucrest-technologies-pvt-ltd/people/,
PRISMHUB ONLINE SOLUTIONS PVT LTD,https://www.linkedin.com/company/prismonline/people/,
Gangotri group,https://www.linkedin.com/company/gangotrigroup/people/,
Win-Win Technologies,https://www.linkedin.com/company/win-win-technology-&-management-services/people/,
INTINERI INFOSOL PRIVATE LIMITED,https://www.linkedin.com/company/intineri-infosol-private-limited/people/,
Selenova Technologies,https://www.linkedin.com/company/selenova/people/,
Biswa Games Private Limited,https://www.linkedin.com/company/biswa-games/people/?originalSubdomain=in,
CityTech Solutions,https://www.linkedin.com/company/citytech-solutions/people/,
Eon Auto Mart Sdn Bhd,https://www.linkedin.com/company/eon-auto-mart-sdn-bhd/people/,
Properweb Technologies Pvt. Ltd,https://www.linkedin.com/company/propweb_tech/people/,
Lavanya Technologies,https://www.linkedin.com/company/lavanya-technologies/people/,
Allure Enterprises Pvt. Ltd.,https://www.linkedin.com/company/allure-enterprises-pvt-ltd/people/,
NVIDIA,https://www.linkedin.com/company/nvidia/people/,
INFO SOLUTIONS INC.,https://www.linkedin.com/company/infosolutionsinc/people/,
Aequor Information Technologies Pvt. Ltd.,https://www.linkedin.com/company/aequor-information-technologies-private-limited/people/,
RoadKings,https://www.linkedin.com/company/roadkings/people/,
TechNex Technologies Private Limited,https://www.linkedin.com/company/technex-technologies-private-limited/people/,
Novacle Technologies,https://www.linkedin.com/company/novacle/people/,
Craft Enterprises,https://www.linkedin.com/company/craftenterprises/people/,
Mind Highway Technologies Pvt Ltd,https://www.linkedin.com/company/mindhighway/people/,
Epistle,https://www.linkedin.com/company/epistle-communications/people/,
Srijan- A Material+ Company,https://www.linkedin.com/company/srijan-technologies-pvt--ltd-/people/,
Royal Technologies Corp.,https://www.linkedin.com/company/royal-technologies-corp-/people/,
Talentspace by Handshake,https://www.linkedin.com/company/talentspacehq/people/,
Allied Business Solutions,https://www.linkedin.com/company/meet-allied/people/,
Rxefy,https://www.linkedin.com/company/rxefy/people/,
Index InfoTech,https://www.linkedin.com/company/indexinfotech/people/,
Acuity Accounting,https://www.linkedin.com/company/acuity.co/people/,
TradeLink Technologies,https://www.linkedin.com/company/tradelink-technologies/people/,
Sangkaj Group,https://www.linkedin.com/company/sangkaj-group/people/,
Infinix,https://www.linkedin.com/company/infinix-inc./people/,
TechMonastic Solutions Pvt. Ltd.,https://www.linkedin.com/company/techmonastic/people/,
Datasoft,https://www.linkedin.com/company/datasoft/people/,
Otomator Technologies,https://www.linkedin.com/company/otomator-technologies/people/,
Optimas Solutions,https://www.linkedin.com/company/optimas-solutions/people/?originalSubdomain=in,
Sprinriver Technology Private Limited,https://www.linkedin.com/company/sprinriver-technology-private-limited/people/,
Opportune,https://www.linkedin.com/company/opportune-ventures/people/,
Zircon Corporation,https://www.linkedin.com/company/zircon-corporation/people/,
ABP eVentures Private Limited,https://www.linkedin.com/company/abp-eventures-private-limited/people/,
Fastener,https://www.linkedin.com/company/fastener-io/people/,
VOW ERP Solutions,https://www.linkedin.com/company/vow-erp-solutions/people/?originalSubdomain=in,
Golcha Group,https://www.linkedin.com/company/golcha-group/people/,
Right Shopping Pvt. Ltd.,https://www.linkedin.com/company/right-shopping-pvt-ltd-/people/,
Raj Technologies Inc.,https://www.linkedin.com/company/rti-ny/people/,
"Core Solutions, Inc.",https://www.linkedin.com/company/core-solutions-inc/people/,
LinkedIn,https://www.linkedin.com/company/linkedin/people/,
Parul Technology Pvt Ltd.,https://www.linkedin.com/company/parul-technology-pvt-ltd/people/,
FUSAQ Technologies Pvt. Ltd.,https://www.linkedin.com/company/fusaq-technologies/people/?originalSubdomain=in,
Octal IT Solution (CMMI Level 3 Appraised),https://www.linkedin.com/company/octal-info-solution-pvt-ltd/people/,
INFOGEIN,https://www.linkedin.com/company/infogein/people/,
Scott Tech,https://www.linkedin.com/company/scott-tech/people/,
Clematis Software Technologies Private Limited,https://www.linkedin.com/company/clematis-software-technologies-private-limited-/people/,
privEzi,https://www.linkedin.com/company/privezi-solutions-private-limited/people/,
Millimetre,https://www.linkedin.com/company/millimetrelabs/people/,
Finlayer,https://www.linkedin.com/company/finlayer/people/,
Integrative Systems,https://www.linkedin.com/company/integrativesystems/people/,
Dignity Careers,https://www.linkedin.com/company/dignitycareers/people/,
Impetus,https://www.linkedin.com/company/impetus/people/,
Truepost India,https://www.linkedin.com/company/truepost-india/people/,
ELK Education Consultants Pvt Ltd,https://www.linkedin.com/company/elk-education-consultants-pvt-ltd/people/,
Onqanet Technologies Pvt. Ltd.,https://www.linkedin.com/company/onqanettechnologies/people/,
SVS Technologies Limited,https://www.linkedin.com/company/svs-technologies-limited-a-true-blue-technology-partner-company/people/,
Capsquery Private Limited,https://www.linkedin.com/company/capsquery/people/,
Alset,https://www.linkedin.com/company/alsetmx/people/,
Tech Data India,https://www.linkedin.com/company/techdataindia/people/,
Indent,https://www.linkedin.com/company/indentinc/people/,
API Digital,https://www.linkedin.com/company/api-digital/people/,
Perennation Computer Solutions Global Private Limited,https://www.linkedin.com/company/perennation-computer-solutions/people/,
Technman Consulting,https://www.linkedin.com/company/technman-consulting/people/,
Grey Space Computing,https://www.linkedin.com/company/greyspacecomputingpvtltd/people/,
Code Panda Academy,https://www.linkedin.com/company/code-panda-academy/people/,
Codebuddy Pvt. Ltd.,https://www.linkedin.com/company/codebuddypvtltd/people/?originalSubdomain=in,
RMV Workforce Corp,https://www.linkedin.com/company/rmv-workforce-corp/people/,
RECYCAN (Recycan Services Private Limited),https://www.linkedin.com/company/recycan/people/,
"Prestige Technologies, Inc.",https://www.linkedin.com/company/prestige-technologies-inc-/people/,
GreenField Software Private Limited,https://www.linkedin.com/company/greenfield-software-private-limited/people/,
BuyOnCloud Software Services,https://www.linkedin.com/company/buyoncloud-software-services/people/,
SUPER INFOLABS PRIVATE LIMITED,https://www.linkedin.com/company/superinfolabs/people/,
Coriolis Technologies Pvt. Ltd.,https://www.linkedin.com/company/coriolis-technologies-pvt-ltd/people/,
"True Tone Studios, LLC",https://www.linkedin.com/company/true-tone-studios-llc/people/,
CH Medical,https://www.linkedin.com/company/ch-medical/people/,
The North Star Collective,https://www.linkedin.com/company/the-north-star-collective/people/,
Being Human Online,https://www.linkedin.com/company/galactrix-infocom-pvt-ltd/people/,
Visionex Technologies Pvt Ltd,https://www.linkedin.com/company/visionex-technologies-pvt-ltd/people/,
NetSwift Software Pvt. Ltd.,https://www.linkedin.com/company/netswift-software/people/,
LYFT India,https://www.linkedin.com/company/lyftindia/people/,
Merchant Boxes,https://www.linkedin.com/company/merchant-boxes/people/,
Webredas Technologies,https://www.linkedin.com/company/webredas-technologies/people/?originalSubdomain=in,
Confiance Business Solutions Inc,https://www.linkedin.com/company/confiance-business-solutions-inc/people/?originalSubdomain=in,
Synex ERP Solution Pvt Ltd.,https://www.linkedin.com/company/synex-erp-solution-pvt-ltd/people/,
EasyTech IT Solutions,https://www.linkedin.com/company/easytech-it-solutions/people/,
Zenais Consultancy Services Pvt Ltd,https://www.linkedin.com/company/zenais-consultancy-services-pvt-ltd/people/,
Suhanasoftech Pvt Ltd,https://www.linkedin.com/company/suhanasoftech-pvt-ltd/people/,
dharma.h Software Technologies Private Limited,https://www.linkedin.com/company/dharmah/people/,
MicroFood S.A.,https://www.linkedin.com/company/microfood/people/,
Great Eastern IDTech Pvt. Ltd.,https://www.linkedin.com/company/great-eastern-idtech-pvt-ltd/people/,
INTTECH TECHNOLOGIES,https://www.linkedin.com/company/inntech-technologies/people/?originalSubdomain=my,
Rabbit Infotech LLP,https://www.linkedin.com/company/rabbit-infotech-llp/people/,
HectoWin,https://www.linkedin.com/company/hectowin/people/,
Upswing Financial Technologies,https://www.linkedin.com/company/upswing-financial-technologies/people/,
Slazzer,https://www.linkedin.com/company/slazzer/people/,
Techylla,https://www.linkedin.com/company/techylla/people/,
Right Choice Group,https://www.linkedin.com/company/right-choice-group/people/,
Yardstick,https://www.linkedin.com/company/yardstickteams/people/,
"Real IT Solutions, Inc.",https://www.linkedin.com/company/real-it-solutions-inc/people/,
Konsciously,https://www.linkedin.com/company/konsciously/people/,
Advance Software Technologies Private Limited,https://www.linkedin.com/company/advance-software-technologies-private-limited/people/,
RSDigitX Pvt. Ltd.,https://www.linkedin.com/company/rsdigitx/people/,
BOENCI SOLUTIONS PRIVATE LIMITED,https://www.linkedin.com/company/boenci-solutions-private-limited/people/,
Excel Infotech,https://www.linkedin.com/company/excel-infotech/people/,
Ispeck Digital Solutions Private Limited,https://www.linkedin.com/company/ispeckdigital/people/,
"Arena, a PTC Business",https://www.linkedin.com/company/arena-solutions/people/,
Pritaj Electrotech Pvt Ltd,https://www.linkedin.com/company/pritaj-electrotech-pvt-ltd/people/,
Locus IT Services Pvt. Ltd,https://www.linkedin.com/company/locus-it-services-pvt-ltd/people/,
7hillsTS,https://www.linkedin.com/company/7hillsts/people/?originalSubdomain=in,
Synfosys Business Solutions Ltd,https://www.linkedin.com/company/synfosys-business-solutions-ltd/people/?originalSubdomain=in,
RoyalTech,https://www.linkedin.com/company/royaltech/people/,
Mind Sports League Pvt Ltd,https://www.linkedin.com/company/mind-sports-league-pvt-ltd/people/,
DREAM Service Software,https://www.linkedin.com/company/dream-service-software/people/,
Midus Network,https://www.linkedin.com/company/midus-network/people/,
Novus,https://www.linkedin.com/company/novuswriter/people/,
Rares,https://www.linkedin.com/company/rares-app/people/,
TeamConnect,https://www.linkedin.com/company/teamconnectusa/people/,
Altair,https://www.linkedin.com/company/altair-engineering/people/,
Speednet Unique Network PVT LTD,https://www.linkedin.com/company/speednet-unique-network-pvt-ltd/people/,
FlowPlay,https://www.linkedin.com/company/flowplay/people/,
NT-ware Systemprogrammierung,https://www.linkedin.com/company/nt-ware/people/,
Lynq Technologies,https://www.linkedin.com/company/lynqnetworks/people/,
Krishworks Technology & Research Labs Pvt. Ltd.,https://www.linkedin.com/company/krishworks/people/,
Medical Guidance,https://www.linkedin.com/company/medical-guidance/people/,
Trellist Marketing and Technology,https://www.linkedin.com/company/trellist-marketing-and-technology/people/,
Arkon Web Solutions,https://www.linkedin.com/company/arkon-web-solutions/people/,
NETSOL Technologies Inc.,https://www.linkedin.com/company/netsol-technologies-inc-/people/,
E*TRADE from Morgan Stanley,https://www.linkedin.com/company/etrade/people/,
Veda Software Solutions,https://www.linkedin.com/company/vedasoftwaresolutions/people/,
VOZ CREATIVA PRIVATE LIMITED,https://www.linkedin.com/company/voz-creativa-private-limited/people/,
Unigrow Solutions Pvt. Ltd,https://www.linkedin.com/company/unigrow-solutions-pvt-ltd/people/,
Vision Comptech,https://www.linkedin.com/company/vision-comptech/people/,
Advantech,https://www.linkedin.com/company/advantech/people/,
Moople - Institute of Animation and Design,https://www.linkedin.com/company/moople/people/,
Ubique Systems,https://www.linkedin.com/company/ubique-systems/people/,
INTECH,https://www.linkedin.com/company/intech-creative-services-pvt-ltd/people/,
Tailwebs Technology,https://www.linkedin.com/company/tailwebs-technology/people/,
TrustDesk Associates,https://www.linkedin.com/company/webverve/people/?originalSubdomain=in,
Branding Labs,https://www.linkedin.com/company/branding-labs/people/,
Contentlane,https://www.linkedin.com/company/contentlane-global/people/,
Qumatrix Infotech Services Pvt Ltd,https://www.linkedin.com/company/qumatrix-infotech-services-pvt-ltd/people/?originalSubdomain=in,
TECHART SOFTWARE SOLUTIONS PRIVATE LIMITED,https://www.linkedin.com/company/techart-software-solutions-private-limited/people/?originalSubdomain=in,
Flex Technology,https://www.linkedin.com/company/flex-technology/people/,
The Uzone Lab,https://www.linkedin.com/company/uzone-lab/people/?originalSubdomain=in,
ICDT CONSULTANCY SERVICES PRIVATE LIMITED,https://www.linkedin.com/company/icdt-consultancy/people/,
GrowthX,https://www.linkedin.com/company/growthx/people/,
UN IT Solution Pvt Ltd,https://www.linkedin.com/company/unitsolution/people/,
"Greentech Services, LLC",https://www.linkedin.com/company/greentech-services-llc/people/,
Mechodal Technology?,https://www.linkedin.com/company/mechodal-technology/people/,
Mitosis Technologies Pvt. Ltd.,https://www.linkedin.com/company/mitosis-technologies-pvt-ltd-/people/,
INTOLAP TECHNOLOGIES PVT LTD,https://www.linkedin.com/company/intolap/people/,
Yellowbox HR Services Pvt. Ltd.,https://www.linkedin.com/company/yellowbox-hr-services-pvt--ltd-/people/,
Dhyeya IAS,https://www.linkedin.com/company/dhyeya-ias/people/,
Opaque Systems,https://www.linkedin.com/company/opaquesystems/people/,
CMart Solutions,https://www.linkedin.com/company/cmartsolutions/people/,
AlphaAI Technology,https://www.linkedin.com/company/alphaai-technology/people/,
RBW Solutions Pvt. Ltd. - India,https://www.linkedin.com/company/rbw-solutions-pvt-ltd---india/people/?originalSubdomain=in,
Brightamity Inc.,https://www.linkedin.com/company/brightamity/people/,
Pinnacle Infotech,https://www.linkedin.com/company/pinnacle-infotech/people/,
Oodles Technologies,https://www.linkedin.com/company/oodles-technologies/people/,
Whopper Technologies,https://www.linkedin.com/company/whopper-tech/people/,
Juvenile Technology Private Limited,https://www.linkedin.com/company/juvenile-technology-private-limited/people/,
NeST Technologies,https://www.linkedin.com/company/nest-technologies/people/,
Sketch Web Solutions,https://www.linkedin.com/company/sketch-web-solutions/people/?originalSubdomain=in,
Conclave Learning Solutions Private Limited,https://www.linkedin.com/company/conclavelearningsolutions/people/,
Benchmark Infotech Services Pvt. Ltd. - India,https://www.linkedin.com/company/benchmark-infotech-services-pvt-ltd---india/people/?originalSubdomain=in,
CoWorx Staffing Services,https://www.linkedin.com/company/coworx-staffing-services/people/,
Meta XR( Formerly Groomers),https://www.linkedin.com/company/3-s-groomers-private-limited/people/,
Cirrus Cloud Services Pvt Ltd,https://www.linkedin.com/company/cirrus-cloud-services-pvt-ltd/people/,
Page One Web Solutions LLC,https://www.linkedin.com/company/page-one-web-solutions-inc./people/,
Conglomerate Business Solutions,https://www.linkedin.com/company/conglomerate-business-solutions-pvt-ltd/people/,
AMI Technologies,https://www.linkedin.com/company/ami-technologies/people/,
Saaggifo Technology,https://www.linkedin.com/company/saaggifo-technology/people/,
Adshell Technologies,https://www.linkedin.com/company/adshelltechnologies/people/,
Web Services LLC,https://www.linkedin.com/company/web-services-llc/people/,
HARTING India Pvt Ltd,https://www.linkedin.com/company/harting-india/people/,
ARS Web Solution,https://www.linkedin.com/company/arswebsolution/people/,
Softcell Technologies Global Pvt. Ltd.,https://www.linkedin.com/company/softcell-technologies-global/people/,
Xertz Business Solutions Pvt Ltd,https://www.linkedin.com/company/xertzsolutions/people/,
PAR Technology,https://www.linkedin.com/company/partechnology/people/,
Disha Technologies,https://www.linkedin.com/company/disha-technologies/people/,
Albedo,https://www.linkedin.com/company/albedo-space/people/,
Appify,https://www.linkedin.com/company/appifyinc/people/,
Ensim Corporation,https://www.linkedin.com/company/ensim/people/,
Fintrade Technologies Pvt. Ltd,https://www.linkedin.com/company/fintrade-technologies-pvt-ltd/people/,
Aditya Info Services Pvt. Ltd,https://www.linkedin.com/company/aditya-info-services-pvt-ltd/people/,
CloudLabs,https://www.linkedin.com/company/cloudlabsai/people/,
Rivera Business Development Group,https://www.linkedin.com/company/rivera-business-development-group/people/,
Listen Technologies,https://www.linkedin.com/company/listen-technologies-corporation/people/,
M/s- Prantik Care the Earth Geo Info Solutions Pvt Ltd,https://www.linkedin.com/company/pctegis/people/,
Datablaze,https://www.linkedin.com/company/datablaze-llc/people/,
STELLARTRACK TECHNOLOGIES PVT. LTD.,https://www.linkedin.com/company/stellartrack-technologies-pvt-ltd/people/,
Ganpati Consultants,https://www.linkedin.com/company/ganpaticonsultants/people/,
Rivian,https://www.linkedin.com/company/rivian/people/,
7TiER Technology Marketing Solutions Private Limited,https://www.linkedin.com/company/7tier-technology-marketing-solutions/people/,
Virti,https://www.linkedin.com/company/virti/people/,
Pantheon Data Services LLC,https://www.linkedin.com/company/pantheon-data-services/people/,
Avanzar IT Consulting Private Limited,https://www.linkedin.com/company/avanzar-it-consulting/people/,
ND ENTERPRISES,https://www.linkedin.com/company/ndenterprises/people/,
Salas Enterprises Inc.,https://www.linkedin.com/company/salas-enterprises-inc/people/,
Closers.io,https://www.linkedin.com/company/closers-io/people/,
eBay,https://www.linkedin.com/company/ebay/people/,
Grape Services Pvt Ltd,https://www.linkedin.com/company/grape-services-pvt-ltd/people/,
Gromwell,https://www.linkedin.com/company/gromwell/people/,
Panchsheel Group,https://www.linkedin.com/company/panchsheel-group/people/,
"Swift Systems, Inc.",https://www.linkedin.com/company/swift-systems-inc-/people/,
"SIA Services, LLC",https://www.linkedin.com/company/sia-services-llc/people/,
DYNAMO Consulting,https://www.linkedin.com/company/dynamo-consulting-ab/people/,
AcuBiz Consulting,https://www.linkedin.com/company/acubiz-consulting-sdn-bhd/people/,
WinCliff Technologies,https://www.linkedin.com/company/wincliff-technologies/people/,
Optinovo Business Consulting (P) Ltd,https://www.linkedin.com/company/optinovo-business-consulting-pvt-ltd/people/,
"COMSOL, Inc.",https://www.linkedin.com/company/comsol-inc-/people/,
BNK Technologies Private Limited,https://www.linkedin.com/company/bnk-technologies-private-limited/people/,
SUPREME INFOTRADE PVT LTD,https://www.linkedin.com/company/supreme-infotrade-pvt-ltd/people/,
Bright Enterprises,https://www.linkedin.com/company/brightenterprises/people/,
e-Labs Infotech Private Limited,https://www.linkedin.com/company/e-labs-infotech-pvt-ltd/people/?originalSubdomain=in,
Plus Infotech,https://www.linkedin.com/company/plus-info-tech/people/,
DV Solutions,https://www.linkedin.com/company/dv-solutions/people/,
Viewcom LLC,https://www.linkedin.com/company/viewcom-llc/people/,
Techmaze Solutions Pvt. Ltd.,https://www.linkedin.com/company/techmaze-solutions-private-limited/people/,
Tektronix,https://www.linkedin.com/company/tektronix/people/,
Applop Mobile Solutions Pvt Ltd,https://www.linkedin.com/company/theapplop/people/,
Uniterrene Websoft Pvt. Ltd.,https://www.linkedin.com/company/uniterrene-websoft/people/,
Oasis Inventor IT Solutions Pvt. Ltd.,https://www.linkedin.com/company/teamoasisinventor/people/,
Inventech Info Solutions,https://www.linkedin.com/company/inventech-info-solutions/people/,
Distance Coding,https://www.linkedin.com/company/dc-distancecoding/people/,
First Tech Federal Credit Union,https://www.linkedin.com/company/first-tech-federal-credit-union/people/,
Futurewiz,https://www.linkedin.com/company/futurewiz/people/,
NASA Jet Propulsion Laboratory,https://www.linkedin.com/company/jet-propulsion-laboratory/people/,
Gladiolus,https://www.linkedin.com/company/gladiolusdotin/people/,
Artificial Cloudspace,https://www.linkedin.com/company/artificial-cloudspace/people/?originalSubdomain=in,
FOURTH DIMENSION VISUAL EFFECTS PVT. LTD.,https://www.linkedin.com/company/4dvfx/people/,
Excellis IT,https://www.linkedin.com/company/excellisit/people/,
Spice Traders Inc.,https://www.linkedin.com/company/spice-traders.inc/people/,
Systematix Infotech Pvt. Ltd.,https://www.linkedin.com/company/systematix-infotech-pvt-ltd/people/,
Datanalytix Technologies,https://www.linkedin.com/company/datanalytix-technologies/people/,
Sirius Technologies,https://www.linkedin.com/company/siriustech-india/people/,
YOLO,https://www.linkedin.com/company/yolo/people/,
Vantage Point,https://www.linkedin.com/company/vantage-point-vr/people/,
Inherent Technologies,https://www.linkedin.com/company/inherent-technologies-pvt-ltd/people/,
Meteor,https://www.linkedin.com/company/meteor-mobile-communications/people/,
Digineous Technologies Pvt. Ltd.,https://www.linkedin.com/company/digineous-pvt-ltd/people/,
Health Creek Wellness Pvt Ltd,https://www.linkedin.com/company/health-creek-wellness/people/,
Progressive IT Solutions,https://www.linkedin.com/company/progressive-it-solutions/people/,
One Voice,https://www.linkedin.com/company/one-voice/people/,
Source Technologies,https://www.linkedin.com/company/source-technologies/people/,
Novosoft,https://www.linkedin.com/company/novosoft/people/,
NAMO TECHNOLOGIES,https://www.linkedin.com/company/namo-technologies/people/,
Sutvacha Skincare Pvt Ltd,https://www.linkedin.com/company/sutvacha-skincare-pvt-ltd/people/,
Bahwan CyberTek,https://www.linkedin.com/company/bctglobal/people/,
Barta Media Group,https://www.linkedin.com/company/bartamediagroup/people/,
xRobotics,https://www.linkedin.com/company/xrobotics/people/,
Trimplin,https://www.linkedin.com/company/trimplin/people/,
Revel Systems,https://www.linkedin.com/company/revel-systems/people/,
InfoVision Inc.,https://www.linkedin.com/company/infovision/people/,
Gravity Trading,https://www.linkedin.com/company/gravity-trading/people/,
Netventure Digital Solutions Pvt. Ltd.,https://www.linkedin.com/company/netventure-digital-solutions-pvt-ltd/people/?originalSubdomain=in,
Fuse,https://www.linkedin.com/company/fuse/people/,
Supreme Enterprises,https://www.linkedin.com/company/supreme-enterprises/people/,
GEE PEE INFOTECH PVT. LTD.,https://www.linkedin.com/company/gee-pee-infotech-pvt.-ltd./people/,
ArtisticBird Tech Pvt Ltd,https://www.linkedin.com/company/artisticbird-tech/people/,
CLAP,https://www.linkedin.com/company/clap-international/people/,
Digital Avenues,https://www.linkedin.com/company/digitalavenues/people/,
Inatech,https://www.linkedin.com/company/inatech/people/,
Talodyn,https://www.linkedin.com/company/talodyn/people/?originalSubdomain=in,
Vyapaar Network,https://www.linkedin.com/company/vyapaar-network/people/,
Milan Infotech Pvt Ltd,https://www.linkedin.com/company/milan-infotech-pvt-ltd/people/,
Taxmann Technologies Pvt. Ltd.,https://www.linkedin.com/company/taxmann-technologies-private-limited/people/,
"Configure, Inc.",https://www.linkedin.com/company/configure-inc./people/,
Emitech Infosystems Pvt. Ltd.,https://www.linkedin.com/company/emitech-infosystems-pvt-ltd/people/,
Arabian Network,https://www.linkedin.com/company/arabian-network/people/,
Addend Technology,https://www.linkedin.com/company/addendtechnology/people/,
YourFlow India,https://www.linkedin.com/company/yourflow-india/people/,
Codezin Technology Solutions Private Limited,https://www.linkedin.com/company/codezin/people/,
KLA,https://www.linkedin.com/company/klacorp/people/,
Tele-Talk Pvt. limited,https://www.linkedin.com/company/tele-talk-pvt.-limited/people/,
Notional Systems,https://www.linkedin.com/company/notionalsystems/people/,
Transonic Systems Inc.,https://www.linkedin.com/company/transonicsystems/people/,
Vaultev LLC,https://www.linkedin.com/company/vaultev-limited/people/?originalSubdomain=in,
KAASH INFOTECH PVT. LTD,https://www.linkedin.com/company/kaash-infotech-pvt-ltd/people/,
OUM Technology Solutions [OTS],https://www.linkedin.com/company/oum-technology-solutions/people/,
Casa Amarosa,https://www.linkedin.com/company/casa-amarosa/people/,
E-Solutions,https://www.linkedin.com/company/e-solutions-inc/people/?originalSubdomain=in,
Quantico Solutions,https://www.linkedin.com/company/quantico-solutions/people/,
YSC Technosoft Pvt Ltd,https://www.linkedin.com/company/ysc-technosoft-pvt-ltd/people/,
Datanet Hosting Solutions Pvt Ltd,https://www.linkedin.com/company/datanet-hosting-solutions-pvt-ltd/people/,
Acquaint Softtech Private Limited,https://www.linkedin.com/company/acquaintsofttech/people/,
Ewise Consultancy Services Private Limited,https://www.linkedin.com/company/ewise-consultancy-services-pvt-ltd/people/,
Sens Visuals,https://www.linkedin.com/company/sens-visuals/people/,
"InfoSystems, Inc.",https://www.linkedin.com/company/infosystems-inc-/people/,
Triunfo Foods,https://www.linkedin.com/company/triunfo/people/,
Korvio Infotech,https://www.linkedin.com/company/korvio-infotech/people/,
YELLOWWOOD,https://www.linkedin.com/company/yellowwoodgroup/people/,
Simpheal Informatics Private Limited,https://www.linkedin.com/company/simpheal-ins-pvt-ltd/people/,
Cattlefield Technologies,https://www.linkedin.com/company/cattlefield-technologies/people/,
Transcon Solution,https://www.linkedin.com/company/transcon-solution/people/?originalSubdomain=in,
VIAPROM ANALYTICS,https://www.linkedin.com/company/viaprom-technologies-pvt-ltd/people/,
Ctrl N,https://www.linkedin.com/company/wearectrln/people/,
"shenzhen Easter technology .Co,Ltd",https://www.linkedin.com/company/shenzhen-easter-technology-co-ltd/people/,
Orbion Space Technology,https://www.linkedin.com/company/orbion-space-technology/people/,
Refeel Cartridge Engineering Pvt Ltd,https://www.linkedin.com/company/bharti-enterprises-re-feel-cartridge-store-/people/,
"Biz Technology Solutions, Inc - Managed IT Services",https://www.linkedin.com/company/biz-technology-solutions/people/,
"Capital Solutions, Inc.",https://www.linkedin.com/company/capital-solutions-inc./people/,
Callchimp,https://www.linkedin.com/company/callchimp/people/,
InfyStrat Software Services,https://www.linkedin.com/company/infystrat-software-services/people/?originalSubdomain=in,
NoBounds Technology,https://www.linkedin.com/company/nobounds-tech-pvt-ltd/people/?originalSubdomain=in,
INDWARE,https://www.linkedin.com/company/indware/people/,
TechNex Technologies Private Limited,https://www.linkedin.com/company/technex-technologies-private-limited/people/,
NullStack Technologies,https://www.linkedin.com/company/nullstack-technologies-pvt-ltd/people/,
Perfect Trading Co.,https://www.linkedin.com/company/perfecttradingco/people/,
Almetric Consultancy Service Private Limited,https://www.linkedin.com/company/almetric-it/people/,
Andromeda Galaxy,https://www.linkedin.com/company/andromeda-galaxy/people/,
Big Bang,https://www.linkedin.com/company/big-bang/people/,
Freeze Frame,https://www.linkedin.com/company/freeze-frame/people/,
Infotech,https://www.linkedin.com/company/infotech-inc/people/,
Recuva Technologies Pvt Ltd,https://www.linkedin.com/company/recuva-technoologies-pvt-ltd/people/,
"Digicom Voice and Data Services, LLC",https://www.linkedin.com/company/digicom-voice-and-data-services-llc/people/,
Innovage Fintech Pvt Ltd,https://www.linkedin.com/company/innovage-fintech-pvt-ltd/people/,
Blue Billion Tech Pvt. Ltd.,https://www.linkedin.com/company/blue-billion-tech-pvt-ltd/people/,
Traxsmart( Venera Software Pvt. Ltd. ),https://www.linkedin.com/company/traxsmart/people/,
Approx Innovation Private limited,https://www.linkedin.com/company/approx-innovation-private-limited/people/,
"UniMind Software Solutions, Inc",https://www.linkedin.com/company/unimind-software-solutions-inc/people/,
Lariox Technologies,https://www.linkedin.com/company/lariox-technologies/people/,
Fifth Realty,https://www.linkedin.com/company/fifth-realty/people/,
Fealty Technologies,https://www.linkedin.com/company/fealty-technologies/people/?originalSubdomain=in,
Vixplor Analytics Pvt Ltd,https://www.linkedin.com/company/vixplor/people/,
Scopely,https://www.linkedin.com/company/scopely/people/,
